Name,Mission Link,Series Type,Series Name,Series Index,Intel JSON
The Long Mile,https://www.ingress.com/mission/89e53879cda64ae7a9d516af33dff3c2.1c,Solo,,,"{""result"":[""89e53879cda64ae7a9d516af33dff3c2.1c"",""The Long Mile"",""Starting on the outskirts of Grassy Park, this will take you down on of the Main roads,Victoria Street, through Grassy Park and ending in Zeekoevlei, next to a nature conservation area"",""JefafarZA"",""R"",1000000,685302,6,2,[[false,""72c2c7817a2f4997b4d07d914c6ae57b.16"",""Aids Awareness Rock"",1,1,[""p"",""R"",-34040421,18490379,7,85.0,8,""http://lh5.ggpht.com/Z6M0uKsgDqfwdk5DfF2SkEFKGzljAAEqDNd4z5Qby3vvLvvMFnBwRyhpa9ycXwhm4yTbx-eyys6-txbPFx6u"",""Aids Awareness Rock"",[],true,true,null,1455975351062]],[false,""62a36b3a236d436389ad6f2d4862ed4d.16"",""Ahmedi Mosque"",1,1,[""p"",""R"",-34043337,18491647,6,65.0,8,""http://lh4.ggpht.com/EXMZxOvq8l5E1SvoW5zY8ntKBcxZmGtcGk8Ix26dLOiUVw0sMfjrD3m0flaXFpk4cDZC61jezStZuT6fAyjm"",""Ahmedi Mosque"",[],false,false,null,1455912030411]],[false,""61cf080843f147bca8afe8cc846456c9.16"",""The Potter's House"",1,1,[""p"",""R"",-34045187,18493522,2,100.0,3,""http://lh4.ggpht.com/TPbm4fn_KC3AcNoLtdAskoExPKRVe5OHC93EMbjDr8Y1QXvNija4IYYMe_fe4scdPoZ8WrZ-o9Px5pNHXia7"",""The Potter's House"",[],false,false,null,1455932690837]],[false,""1dc1120fc4c84350a07a223005320898.16"",""Good Shepherd Church Museum"",1,1,[""p"",""E"",-34045648,18493951,5,100.0,8,""http://lh5.ggpht.com/B7yq6IeqtMTx1Qe4mUJh-IMgGf8uzRsuLLFwaNHaPrqbIcWeFscPEX_T9ZoeTYAzHsrPpb8bMGYDHMj5V5kM"",""Good Shepherd Church Museum"",[],false,false,null,1455955651892]],[false,""268c0d272e774ebca15d3dacc64c3b12.16"",""Good Shepherd Anglican Church Grassy Park"",1,1,[""p"",""E"",-34045782,18493675,5,100.0,8,""http://lh5.ggpht.com/JS4boRmR0yP2sq2SEAtWElqsVouzdXvh56tgmLfTRyPr1T6FqnFAaNCpJJCqfps1vjTSAjkfoDBcsdDrBGk"",""Good Shepherd Anglican Church Grassy Park"",[],false,false,null,1455955643315]],[false,""f91131fb9c6a4e85a06153e3802d016c.16"",""Grassy Park Interchange"",1,1,[""p"",""R"",-34049302,18497034,6,54.0,8,""http://lh4.ggpht.com/7B0oy1pYhaEQdwmfZZkWPrX7SjPxurHLUssmC6utnnQkPqxWqOmBV1IKesmmmGUAcGBR4YKmZTh08A_wMs4"",""Grassy Park Interchange"",[],false,false,null,1455919350444]],[false,""3a2fa6aa89cb485b9f9e15140a1e047c.16"",""Boat Garden"",1,1,[""p"",""E"",-34055592,18503132,4,85.0,7,""http://lh6.ggpht.com/iOGrTtvfmyp_tIuB4vOxSo7kI-1CiwLsZDSmL0tk3q5nl1KKJkRQ9tvezh0XSsCMdglGvyeRnfn9644561i3"",""Boat Garden"",[],true,true,null,1455971973710]],[false,""70628e32a165403282ee114a96ceaa52.16"",""Endangered Leopard Toad Information Board"",1,1,[""p"",""E"",-34058446,18504168,5,85.0,8,""http://lh3.ggpht.com/fUu2lFfIZUChati683SlYBn5PlqncPPmHjHHdu-ELHI7klFNPQaC7EwV7kePmh6MJSKdUxJnvyTOi8xqGv1iaQ"",""Endangered Leopard Toad Information Board"",[],false,false,null,1455981022880]],[false,""734e8fd622e84d988c212779e4659d78.16"",""Zeekoevlei Yacht Club Yellow Submarine"",1,1,[""p"",""E"",-34065642,18506661,5,85.0,8,""http://lh5.ggpht.com/lbKuKcG09FTlFWOB4jmVMFoF5FPIEIVwunpqzhygh46mcUUI2Q235HpNVjJ-1DK9esNX7Iv5ObJlsaspsUCT8WZydtAOnn0Z32BPR3fuhxxzK3JWbg"",""Zeekoevlei Yacht Club Yellow Submarine"",[],false,false,null,1455972174483]]],""https://lh3.googleusercontent.com/A25BMbVvIq7jhl_4TrTcBGHAoEzoWiiOdmpJVzIEPeniv6V44fMSlefV3t_WHsaTwyZTWDM3ZtUAo9Cz9Wag""]}"
Plumstead Wanderings,https://www.ingress.com/mission/8ea74e4ace754435aba2f308f7432c94.1c,Solo,,,"{""result"":[""8ea74e4ace754435aba2f308f7432c94.1c"",""Plumstead Wanderings"",""Taking a chilled out stroll around Plumstead."",""interpros"",""R"",1000000,3734938,2,2,[[false,""b3b7ecd721304740b8f76fb2948b9f04.11"",""Abundant Life"",1,2,[""p"",""R"",-34021195,18469471,7,85.0,8,""http://lh3.ggpht.com/A9p7X3-RwWJ6_H_qlWPYu-kWAYPW22zfLBswt2HPCMeG183jdsz6LGeomIIFY-qNTY_N6pRAfV0fkBIAxb1fUfx_RfpMMTfZDJ4a-4uyi-XwZRY"",""Abundant Life"",[],true,true,null,1455990726236]],[false,""2069de3fb79348098824f30038807bef.11"",""Plumstead Station"",1,2,[""p"",""R"",-34021926,18469543,7,85.0,8,""http://lh6.ggpht.com/o5Ho77JustWKbCnr90xudb14jnUo9JX5w0gtcJlpYWVDgKoZbpzswPA9NpigL0rJ6cYzHBQ3fbcIeB04Q1mOexr6CpeS48ApSwLY0xVqG2TNeYs"",""Plumstead Station"",[],false,false,null,1455990726376]],[false,""2ebf40739e2048ea9d9f2cc41e01ebcf.16"",""Plumstead Bridge Graffiti"",1,1,[""p"",""R"",-34023671,18469025,8,85.0,8,""http://lh3.ggpht.com/9-GPjLDsUkXQ61dNLsp1idFY8ac1dvu92dxIcNFtGiioP_MdWBBUFo1E7hFz_GgrACbk1Z5tTDfRu7gG1yOa"",""Plumstead Bridge Graffiti"",[],false,false,null,1455992783524]],[false,""69dfc9c960c548d98a60b3cf7f562fff.16"",""Cape Town Cricket Club "",1,1,[""p"",""R"",-34025503,18473792,7,70.0,8,""http://lh3.ggpht.com/m5gceRy1ErCea61cyKImHcxNIA18SCIm8P6qUyayMVhKEbxbwGUIVYSlEvzPkSLMRdoORtm0dmXXu4HGXY0y"",""Cape Town Cricket Club "",[],false,false,null,1455991010785]],[false,""7b3a296df11f45a98221e8a1bf1fe08a.16"",""Plumstead Cemetry"",1,2,[""p"",""R"",-34026392,18476499,7,70.0,8,""http://lh4.ggpht.com/rnPR2pZC1RqKmQ_E7ORe1sEDEXnB1cKS6-VfBqiE00e8LLqmvlTA5W0pb02ggl6-kbYvPx2eMLFYUJoRq9YCng"",""Plumstead Cemetry"",[],false,false,null,1455975360669]],[false,""992115f2644b46889a439fb7bdb13d1f.16"",""Plumstead Cemetery"",1,5,[""p"",""R"",-34028701,18478915,7,70.0,8,""http://lh4.ggpht.com/hPyN6y_6DG6lOf4WBhGEZjG9jmJtP1LwXfanewNMbOGRz5PxXplvgJ6E9Fs2p8eN2Nk1BtdR_NDv46H5wOM2"",""Plumstead Cemetery"",[],false,false,null,1455981945729]],[false,""25cb26074ef94f4289dc5e725f28da31.16"",""Southfield Public Library"",1,1,[""p"",""R"",-34030209,18480617,7,70.0,8,""http://lh5.ggpht.com/fkPQIkHC-IBEZYhBV7y6JJGDjFvHPufcpJwXx3S8Fxb7U_WhmxviiJcFfmiSv4eWiebBSMhoVwJdNIvvsBOO"",""Southfield Public Library"",[],false,false,null,1455982090607]],[false,""7ce87d212c6f4e958446275df2f9ce11.16"",""Sovereign Road Park"",1,1,[""p"",""R"",-34031897,18479247,7,70.0,8,""http://lh3.googleusercontent.com/s_jl2c24JULCyHQpNth211KYpa7IT6CPNV_NCM-6BrqstsUIju4oKpDfGM2MJ_ij5rTzq-cFCcJo87Jmno0"",""Sovereign Road Park"",[],false,false,null,1455983075141]],[false,""05a0b78b47f547e18d14bb69a8531045.16"",""Sovereign Road Park"",1,2,[""p"",""R"",-34032337,18478296,7,70.0,8,""http://lh3.googleusercontent.com/SUPeqv3PRPicU2qKosFHgrQb6_lRoAfXhdI7HoALUvu92o5eL8BAz7zXeLKAT8PPxdOhqOEhTDXCZPD806Ox"",""Sovereign Road Park"",[],false,false,null,1455983006611]],[false,""d779838cd90243399d736387b8bf0be1.16"",""Plumstead Cemetery"",1,1,[""p"",""R"",-34029317,18474973,7,70.0,8,""http://lh6.ggpht.com/jDiicv86YExNbiAJaluGOjOmVz9G5wZ3tANpwQu1WMCa1x8LOOHLHGu_fg4u5JW2iwFHA3Qq8roxX8dK_sE"",""Plumstead Cemetery"",[],false,false,null,1455972191847]],[false,""1bbb4bdb2edc47a9b9dd31f171008cb6.16"",""Smith Street Park"",1,1,[""p"",""R"",-34029656,18473346,7,85.0,8,""http://lh6.ggpht.com/v1Kw9whadpLZU5Ao_EkATUN5XszL6pvwTuL1vhnnSX8SFAO8ev5mzMxg6WsVsfbCNb9Gfpueffak3nUJzxs"",""Smith Street Park"",[],false,false,null,1455982381505]],[false,""bc4323c3115941fd8f29c7ac67baf178.16"",""Steurhof Station "",1,1,[""p"",""R"",-34028272,18469018,6,100.0,8,""http://lh6.ggpht.com/DHVNNSFWkqk0M069bCYtGPwhzR8hT0n7-Xel4Qpa3dClxUj5kjxpy-9ZyMdakvSe_9IkStupQaYOL_6paSFwqA"",""Steurhof Station "",[],false,false,null,1455989536881]]],""https://lh3.googleusercontent.com/iZfQq7UQQvSr7gQ0bZFN-c6tNKhoSppgCfRreUXkjk2Ourzc68963v78oTBHG-OJLsGSCX2V6CFH2tIGwZMK1Q""]}"
The Klip,https://www.ingress.com/mission/b127dad002aa46d0ae8a5b26b7da871f.1c,Solo,,,"{""result"":[""b127dad002aa46d0ae8a5b26b7da871f.1c"",""The Klip"",""Traverse one of the busiest roads joining two major traffic arterials, the M5 highway and Strandfontein Road, connecting three suburbs namely Grassy Park,Parkwood & Lotus River, visiting 1 portal/area"",""JefafarZA"",""R"",1000000,816364,5,2,[[false,""8a00f316e81d47f9a69ff4df653bbd92.16"",""Third Faction Mural "",1,1,[""p"",""N"",-34042940,18494391,1,0,0,""http://lh3.ggpht.com/f0N9oLK0QGDr4BGrXfoVL3HHW5aKCeU6ImDqY5h3usFnjc0I1V_Qn-FzjhPcubhvaWmcQXDkYxshUsDQzrDX"",""Third Faction Mural "",[],true,true,null,1455967620738]],[false,""e059550566494c90b6c7ef3ad7a0be8a.16"",""Grassy Park Scouts"",1,1,[""p"",""N"",-34044320,18489369,1,0,0,""http://lh3.googleusercontent.com/mYEi3SZQ7II90YPwAzVREgsY3vXajjUuq02oqjKsNwy2iT4pJ7tbmFGcNn5SUoXotgQr_mLBRlDaosjNyMtx"",""Grassy Park Scouts"",[],true,false,null,1455961394490]],[false,""62a36b3a236d436389ad6f2d4862ed4d.16"",""Ahmedi Mosque"",1,1,[""p"",""R"",-34043337,18491647,6,65.0,8,""http://lh4.ggpht.com/EXMZxOvq8l5E1SvoW5zY8ntKBcxZmGtcGk8Ix26dLOiUVw0sMfjrD3m0flaXFpk4cDZC61jezStZuT6fAyjm"",""Ahmedi Mosque"",[],false,false,null,1455912030411]],[false,""26cd81e913c84d0f9ab4be72854bde81.16"",""Klip Road Cemetery"",1,1,[""p"",""E"",-34040616,18494804,2,55.0,3,""http://lh6.ggpht.com/FfV4FBNbDg5fdK9SLPamfL3y_7q1s43ZKxGEaArlwckPmA-2cPyEQiG1C3fOYN2EqGqKdh8Y0C4V8FRro10ivWDb5QlZZNBNWbJ8LbOj4sUZXhc"",""Klip Road Cemetery"",[],false,false,null,1455914299911]],[false,""00c0bff9b8b14e7ba82acc7c11c639aa.11"",""World War 2 Klip Monument"",1,1,[""p"",""R"",-34035803,18502678,3,30.0,7,""http://lh6.ggpht.com/bxJRmYBq44uGLXy5pvYsAnV9T2eC3iKK6s3QS0d10MKzuUMpSbCAPOOc0r2Qp8sziAwS8yCwn_pP0NKbTkIIwanOIZYhUdx7FLOKIsbHrwJnzE4C3Q"",""World War 2 Klip Monument"",[],false,false,null,1455977418122]],[false,""cad98c5fe5454e7aa2430a12b31f9e20.16"",""Buck Rd Mosque"",1,1,[""p"",""N"",-34033501,18519212,1,0,0,""http://lh6.ggpht.com/3mkBx4VjfgLIgZlb-uc-V_cPlOsvzmMiEx1YfZDX71mQRXh6-v-_nVIVilz6NekXC6zS2VEgEqYnS4FlZ6C0"",""Buck Rd Mosque"",[],false,false,null,1455006586220]]],""https://lh3.googleusercontent.com/DZA9eFm_2iXB9ynIOiRv96Gt7qSjlBLkgdn1V1xvuabZppKpFZcG6dwRQFQE_s1-WuuyfRwO03HG1nRcnrdU""]}"
Walking the dog around Grassy Park,https://www.ingress.com/mission/d717f19399804756b9b12dc6d5963731.1c,Solo,,,"{""result"":[""d717f19399804756b9b12dc6d5963731.1c"",""Walking the dog around Grassy Park"",""Quick walk around the Area for dog walkers"",""HackSlashBlue"",""R"",1000000,878286,4,2,[[false,""369b1d8e8479408785d1d54d67ba5be1.16"",""Burning Bush Church Hall"",1,1,[""p"",""R"",-34046587,18493470,6,100.0,8,""http://lh4.ggpht.com/qWKFo4-rFqT44SVKuuVMtipU6uGXHbNwTjf64wUF42wq4Gk8Tg9LuEEuSj2RvxOcrJVbQdIX7QHVt88Yptqp"",""Burning Bush Church Hall"",[],true,true,null,1455950366522]],[false,""8bbec80869e04a3ba62a7785a79dd6e8.16"",""Burning Bush Evangelical Church"",1,1,[""p"",""R"",-34047115,18493778,6,100.0,8,""http://lh5.ggpht.com/923TyGh6wd4zxg82xiHrXFaC045cS1eGiOutvWpFnEC5_khaNUdvcVp5zGrVo1-a4qIm7VZw_PBoe9N_9H_I"",""Burning Bush Evangelical Church"",[],false,false,null,1455950417876]],[false,""dea78c18b184402fab327111e7edd70b.16"",""Grassy Park Lutheran Evangelical Church"",1,1,[""p"",""E"",-34045925,18495448,5,100.0,8,""http://lh4.ggpht.com/M8UtooladG8_-C9SW9XY1BB_ojSkdMv4FqlrJyeLUHuN5MplkQOVLYkVEQxRvBkwDGxo2uITjCOJLqXBu5ug"",""Grassy Park Lutheran Evangelical Church"",[],false,false,null,1455955629939]],[false,""e029b6cd41ad42b489cd9fd599ec2efd.16"",""Grassy Park Assembly Of God"",1,1,[""p"",""R"",-34046646,18495727,5,54.0,8,""http://lh3.googleusercontent.com/NBtvVOYhwprZ_HH9hkqf65w7qzSeLJF41NykFGwwJVJqvMGHMPC3kyTpexBFYBJDY45F5Xi83bBA4YjhSWLJ"",""Grassy Park Assembly Of God"",[],false,false,null,1455960694830]],[false,""9753b7971614440a82a214f4a4f74ca9.16"",""Grassy Park Post Office"",1,1,[""p"",""R"",-34048191,18496750,7,69.0,8,""http://lh5.ggpht.com/LiHfZUN0DyPSjJWNQExtr9RKthBcO6d7lU19ZvLuecW1uGZOQhmoMA81s1YKxn5aV34niv43uaveH39E2Ws"",""Grassy Park Post Office"",[],true,true,null,1455919543911]],[false,""2a0c435e4ea540c58b21760c6766516f.16"",""Grassy Park Library"",1,1,[""p"",""R"",-34048863,18495874,6,54.0,8,""http://lh3.ggpht.com/ph1lKM94f2bwtGib3iC6swWXw68pRnwT8heWZU5q_UGtOonUm3e9zkuIQefFL163kYlOBeLwjukT1pxaHfKU"",""Grassy Park Library"",[],false,false,null,1455919424404]]],""https://lh3.googleusercontent.com/430nVFwvmJ0ZTB9FlKtDdb6Wq1F_zlODtlYD5i7uN1s5iztiSdJHrZTwwFaQD6CAinrViL36nZsZ1FJV2hpu""]}"
Groot Constantia,https://www.ingress.com/mission/6460ffb40142432e91f4ee2288facd8b.1c,Solo,,,"{""result"":[""6460ffb40142432e91f4ee2288facd8b.1c"",""Groot Constantia"",""Walk around the historical wine estate of Groot Constantia."",""CraigFox"",""R"",900000,1067084,9,1,[[false,""f01bfbd55eb848c2b03e9dc648f0152a.16"",""High Constantia"",1,2,[""p"",""E"",-34024196,18429743,1,100.0,1,""http://lh3.ggpht.com/kyKNAIGUD47YYA3JWt7hZnoX_J7os1zlLe2pRK_vh1XiFzj5tAkzwdr7rgM-MLxrDeO1JHr_JBa4uA6vO_cIPQ"",""High Constantia"",[],true,true,null,1455987876886]],[false,""d1b22699413840e79e7fe3587ecba954.16"",""Groot Wine Barrel"",1,1,[""p"",""E"",-34027418,18424540,1,100.0,2,""http://lh6.ggpht.com/zoEdoMkesclbVToMINTNp4Yce76sBhtMUpFe8NjHRtVK0V6GfWHtIhdcbBE9ml4PcMuL9MhK_Wn_IFh2lE4"",""Groot Wine Barrel"",[],false,false,null,1455987902888]],[false,""690a68eeaf0c4349bc7547b5bb59410f.16"",""Old Gates to Groot Constantia "",1,2,[""p"",""E"",-34029094,18421507,1,100.0,2,""http://lh5.ggpht.com/naIOhkg_wSQ_900KHJsM_dg_hxS2Bl4ZuCOY-mo0ydmiXrp0Zvk1SEWn38TKciUm78gHP2dEz_yPDNi_Xnol"",""Old Gates to Groot Constantia "",[],false,false,null,1455987949432]],[false,""db269bad91fe496b94587db807e86d63.16"",""The Wagon Museum "",1,1,[""p"",""N"",-34030425,18419050,1,0,0,""http://lh6.ggpht.com/Q0J3ReCAD1wg4G24XfKZSIBA2iy-IN53nVyp8xPG5a75HFu0PnmtokkDf7EvEiFU0Pmar2R7jmBKlumJLJhw"",""The Wagon Museum "",[],false,false,null,1455553671441]],[false,""d1061b11c9274b9a854243e631d9178d.16"",""Groot Constantia Art Gallery "",1,1,[""p"",""N"",-34031120,18418863,1,0,0,""http://lh5.ggpht.com/NKuiGJOpEBhltUe0HnlTBq03GZRRz-xwCUK5JgQVESnZ2AARGNWSj2L4_M9QrMnQJ557s6K7ReBg2N3HJr8"",""Groot Constantia Art Gallery "",[],false,false,null,1455632937347]],[false,""ab949fa652b94942a5bb6dbcd21d561a.16"",""Groot Constantia Sundial "",1,3,[""p"",""N"",-34031005,18418215,1,0,0,""http://lh5.ggpht.com/FJVUAgaSO6IsTZSlHJVAVid-K29Sj2DSSyMVlfI0foODqtAl88UW3BGKZMrqc-HgN78NghL6xnh_yUBE0_Ea"",""Groot Constantia Sundial "",[],false,false,null,1455568704874]]],""https://lh5.ggpht.com/hOxTti06HbHqSTgsh_q3Ptz3EYdKBOzYJVL6skyUIqKLNOV4QFqi4noavikSL51vAyK_5sbydD2cQZ2iUtBvKg""]}"
Together in Harmony,https://www.ingress.com/mission/9d885be7330e41ae84932ebae7aa2a32.1c,Solo,,,"{""result"":[""9d885be7330e41ae84932ebae7aa2a32.1c"",""Together in Harmony"",""Visit multi religion places of worship in the area"",""JefafarZA"",""R"",833333,1076538,5,1,[[false,""039d1d1a58a847ecb9dbc083faad7145.16"",""Grassy Park Jehovah's Witness Kingdom Hall"",1,1,[""p"",""N"",-34056041,18492458,1,0,0,""http://lh3.ggpht.com/T_MBULYwzBSeyfEaUbGQxuyXucr2xmofe3GSPDSARD6yeD4guhVRQnG8VkXnhYbQqInWCAKcEUVaWRVMYOLo"",""Grassy Park Jehovah's Witness Kingdom Hall"",[],true,true,null,1455105599276]],[false,""abfa0ded860345ae93f5b7916c2a9d36.16"",""New Apostolic Church Grassy Park"",1,1,[""p"",""N"",-34055104,18495053,1,0,0,""http://lh5.ggpht.com/s53HmVbf2-ME3T-a7n74mMe5ZWOR2MRzwymOtIkfUj16RJnXG8jYL2x4RbwDWKPs0PsKqvsMFLdTlVuBtaSi"",""New Apostolic Church Grassy Park"",[],false,false,null,1455100564192]],[false,""5ff53fc1b70047e0b611e3bae58eed99.16"",""Assembly Hall "",1,1,[""p"",""N"",-34047263,18499038,1,0,0,""http://lh6.ggpht.com/D3JoRXjwpsXHiLKKTt25Fm4sw2pETXGI5r2p_Wkx2866RRxS1gqpZi3sPTyuA22brmgCtOiwg3y3stF1rOI"",""Assembly Hall "",[],false,false,null,1455878071417]],[false,""5398839138a1479d9bf67685c1c6ea42.16"",""Grassy Park New Apostolic Church"",1,1,[""p"",""R"",-34046752,18499703,4,100.0,8,""http://lh3.ggpht.com/dHkPAbwOAUyyheXwStJCT3g07G9KkJwxS8ucifJ-uc3FqlT6gdYyqlv6PIBSQ5BpbTjsYED7jUqhw5k5mIUJAA"",""Grassy Park New Apostolic Church"",[],false,false,null,1455987402101]],[false,""974cc6d345d14f01a39b5ffdbc079aff.16"",""Grassy Park Seventh Day Adventist Church"",1,1,[""p"",""N"",-34044905,18501175,1,0,0,""http://lh3.ggpht.com/TrYm9i_4i1-CYqs4E6sCVcs3pQ-ZWIvFHPGgX9XbOwQ21AqvVLB5zXGzJiNutgp4yEkrVgRqVnJ6Q7Ld57Y"",""Grassy Park Seventh Day Adventist Church"",[],false,false,null,1455004707385]],[false,""3b8e5b4de28d4cedb0b4e282f3657574.16"",""Our Lady Queen of Peace Catholic Church"",1,1,[""p"",""N"",-34044710,18500885,1,0,0,""http://lh4.ggpht.com/Qyci0sf-Ye3155WJRErNw1oMTSqKes_LxLUZ_At-q6vCe_o8TXI_vlwjObeWEm0CAO5CpMKRmP44ZzF3ANjlmg"",""Our Lady Queen of Peace Catholic Church"",[],false,false,null,1455015436546]],[false,""5a85f2a4643640a8bee60548ecb03f54.16"",""Grassy Park Baptist Church"",1,1,[""p"",""E"",-34041540,18499860,2,96.0,4,""http://lh4.ggpht.com/LPN3DX5ClhiwJ6nhReQRCbF13QT1SDkBsAKKgiwh-i1uPWczuEBNJ53rFA7BeGTFIuTSLIra_njKYa7t-sA"",""Grassy Park Baptist Church"",[],false,false,null,1455981123975]],[false,""c4fb813dba8d4cb3928fd0ee20039580.16"",""V.G.K. Die Slot"",1,1,[""p"",""N"",-34039454,18503035,1,0,0,""http://lh4.ggpht.com/8C1iORDWoP6MO3QLZMsKCLGuVkQKSEovmUohVDWiaNUdUzF9nXycs9InKFvMvNNEp4WQCFkPGMZaPppFHpjs"",""V.G.K. Die Slot"",[],true,false,null,1455109896149]],[false,""62a36b3a236d436389ad6f2d4862ed4d.16"",""Ahmedi Mosque"",1,1,[""p"",""R"",-34043337,18491647,6,65.0,8,""http://lh4.ggpht.com/EXMZxOvq8l5E1SvoW5zY8ntKBcxZmGtcGk8Ix26dLOiUVw0sMfjrD3m0flaXFpk4cDZC61jezStZuT6fAyjm"",""Ahmedi Mosque"",[],false,false,null,1455912030411]],[false,""61cf080843f147bca8afe8cc846456c9.16"",""The Potter's House"",1,1,[""p"",""R"",-34045187,18493522,2,100.0,3,""http://lh4.ggpht.com/TPbm4fn_KC3AcNoLtdAskoExPKRVe5OHC93EMbjDr8Y1QXvNija4IYYMe_fe4scdPoZ8WrZ-o9Px5pNHXia7"",""The Potter's House"",[],false,false,null,1455932690837]],[false,""268c0d272e774ebca15d3dacc64c3b12.16"",""Good Shepherd Anglican Church Grassy Park"",1,1,[""p"",""E"",-34045782,18493675,5,100.0,8,""http://lh5.ggpht.com/JS4boRmR0yP2sq2SEAtWElqsVouzdXvh56tgmLfTRyPr1T6FqnFAaNCpJJCqfps1vjTSAjkfoDBcsdDrBGk"",""Good Shepherd Anglican Church Grassy Park"",[],false,false,null,1455955643315]]],""https://lh3.googleusercontent.com/Kiivr1MDDA3utCJ47d9S-7dIAC4T_JEfWR-YRIxYhH6EMMmvns07IJU8YQ8dhSb5nLuSwOHNvw9KDHU4aoM""]}"
The Busy Corner,https://www.ingress.com/mission/c5950a6811474a49846b26c526e8d17a.1c,Solo,,,"{""result"":[""c5950a6811474a49846b26c526e8d17a.1c"",""The Busy Corner"",""Grassy Park's Busiest 'Corner'."",""ANtechnik"",""E"",818182,1028058,19,2,[[false,""9753b7971614440a82a214f4a4f74ca9.16"",""Grassy Park Post Office"",1,1,[""p"",""R"",-34048191,18496750,7,69.0,8,""http://lh5.ggpht.com/LiHfZUN0DyPSjJWNQExtr9RKthBcO6d7lU19ZvLuecW1uGZOQhmoMA81s1YKxn5aV34niv43uaveH39E2Ws"",""Grassy Park Post Office"",[],true,true,null,1455919543911]],[false,""f91131fb9c6a4e85a06153e3802d016c.16"",""Grassy Park Interchange"",1,1,[""p"",""R"",-34049302,18497034,6,54.0,8,""http://lh4.ggpht.com/7B0oy1pYhaEQdwmfZZkWPrX7SjPxurHLUssmC6utnnQkPqxWqOmBV1IKesmmmGUAcGBR4YKmZTh08A_wMs4"",""Grassy Park Interchange"",[],false,false,null,1455919350444]],[false,""2a0c435e4ea540c58b21760c6766516f.16"",""Grassy Park Library"",1,1,[""p"",""R"",-34048863,18495874,6,54.0,8,""http://lh3.ggpht.com/ph1lKM94f2bwtGib3iC6swWXw68pRnwT8heWZU5q_UGtOonUm3e9zkuIQefFL163kYlOBeLwjukT1pxaHfKU"",""Grassy Park Library"",[],false,false,null,1455919424404]],[false,""e144659d4da1460fb5c26b536baad5ca.16"",""Cape Corps War Memorial"",1,1,[""p"",""R"",-34049714,18496513,6,69.0,8,""http://lh4.ggpht.com/d-l4co7v7wfjZ4Ve3kMpScp-ui9nvJS8kmnMpAzIg9enHgIMwSj5xzv4K6pRM71ja8lb4hobiTSgweyvFffc"",""Cape Corps War Memorial"",[],false,false,null,1455919270369]],[false,""cd3804b53b784ef5a04271e57a66a1f8.16"",""Grassy Park Civic Center"",1,1,[""p"",""R"",-34049585,18496022,7,55.0,8,""http://lh6.ggpht.com/IYXQOknCq-6AHhaA04vKdhgPuWOHvsk5xM98m2icdgXLex6PourXCy8BmljdZnd8he_xUG4mT64J3lWvFcOgWXLUHiqu-qeSgDKFdwAKMt4LAMY"",""Grassy Park Civic Center"",[],false,false,null,1455950401424]]],""https://lh5.ggpht.com/JYClqh77DNUtPdGaXbHXIVIJOGlyP7d8F5dj4ytOuf51cHqNM71DYFg1mag_y3z0v-JlLCmhazF3MgjFUyw7""]}"
Maynardville Meander,https://www.ingress.com/mission/f06b40f641674b409a60aca2348f4a7c.1c,Solo,,,"{""result"":[""f06b40f641674b409a60aca2348f4a7c.1c"",""Maynardville Meander"",""Take a stroll around Maynardville Park in Wynberg, enjoy the sunshine and fresh air, and some Ingress on the side."",""GiZZoR"",""R"",1000000,1004097,6,2,[[false,""5b30bbec46ee48978b01939abe98da83.16"",""Maynardville Park"",1,1,[""p"",""E"",-34005963,18467269,7,46.0,8,""http://lh3.ggpht.com/xqc5hSxnIx4O_wBvrClYiMuk6QvgFKtkN3GlUZRPKnt7cxLzm1XaPyHLLgdHr3lwOTkdcTXmU2AS658N34BkGA"",""Maynardville Park"",[],true,true,null,1455980062279]],[false,""974bf48d255c4de98ad76bcc8cd40d3f.16"",""Wooden Train"",1,1,[""p"",""E"",-34006887,18464785,1,85.0,1,""http://lh6.ggpht.com/QEY0L3TezmBsf01qhGxXpi_QpqWJ591BUDXL3vJuQE4n5c8unlsCNT7BDXWScsbYFA-h9Wg92hIBi0lfJqLQHA"",""Wooden Train"",[],false,false,null,1455945197033]],[false,""a7e985aa0c5842f097561d25bfc89986.16"",""Fort Maynard"",1,1,[""p"",""N"",-34006823,18464508,1,0,0,""http://lh3.ggpht.com/fkkl0wgqf1dO0eqF12W9j5kLQbNSif8E8ok-H2WDnYkSE3TqTNgH_mdtJBfZif5DscuZhqvv206qCyKXSPkX"",""Fort Maynard"",[],false,false,null,1455788041897]],[false,""75047ce1e10042289fba28b02858e38b.16"",""Maynardville Park"",1,1,[""p"",""E"",-34006561,18463866,3,69.0,6,""http://lh4.ggpht.com/oxDQwyhqIdpYZIocLXWHuVjGw4VuFBdsVgRDNPpOqaY6A7NR4I3JUXN-emgAfoKvZDnxsWMCnCf0H7GQOjcs"",""Maynardville Park"",[],false,false,null,1455973158408]],[false,""b73f31e98c574373a000418645ec83cc.16"",""Maynardville Park Pond"",1,1,[""p"",""N"",-34006280,18464556,1,0,0,""http://lh4.ggpht.com/URrroHJKR1p5Faqjf4pKLMK_jGqasG93RhQZG4wN5wRoJEh4KVPcU17N28BfwnEKtVRKxxbQmQ1urgFbubdD"",""Maynardville Park Pond"",[],false,false,null,1454420098083]],[false,""92a24ce9cef34f978175a0c829de4967.16"",""Remembrance Plaque"",1,1,[""p"",""E"",-34005866,18463965,1,100.0,5,""http://lh6.ggpht.com/KW1MsPgbmEhrTWJRFlvW6xUKlJApf07gFUsiu2Wlb2ZgEV1IX4Bwglwm7DrtXqIY10P6e7evYQNtNmjIrkV1"",""Remembrance Plaque"",[],false,false,null,1455971406682]],[false,""507d354f09f64b13b9e7cc7eb82575d2.16"",""Maynardville Shakespeare Statue"",1,1,[""p"",""N"",-34005418,18464410,1,0,0,""http://lh3.ggpht.com/NBlQqWzYSgEgrOxRf27HVpt2xzzEwZBWF3BDS0g3an3AfjeuTsBOHagjEVsw76lulo5RJrWV_5P2msw-uLOc"",""Maynardville Shakespeare Statue"",[],false,false,null,1454420339920]],[false,""a4caf8b35c16487b8cf829b96512b57a.16"",""Old Wynberg Village "",1,1,[""p"",""E"",-34004540,18463843,6,100.0,8,""http://lh5.ggpht.com/GZOI7_mM42hEl_GCteqiuC8UAtJDYTxMHMCHI16NSebRvQ3Vn8PbSx17dCgiQzsixrc3BuYkhD9B34tYb3wk2w"",""Old Wynberg Village "",[],false,false,null,1455972860457]],[false,""55535700029b4e36b6ca8088c7948d98.16"",""Maynardville Park Church Street "",1,1,[""p"",""R"",-34004501,18465265,4,85.0,8,""http://lh3.ggpht.com/9hvT2GpMDEpHpoUw6g02c8WhQ5jl5LyOdtu--RXSWIupKjWMaMH3OAhvyO3V2X6avC0Qx2BPz-vLC2WxCPK1"",""Maynardville Park Church Street "",[],false,false,null,1455978520975]]],""https://lh3.googleusercontent.com/fnTY4h2oCEcihmY6NS7znLmcaclwABeZHpz2koqRxS-GZ2j2Iv06ZJs6_Ytz-j7YAawkj_7suR4Qit_nblVC""]}"
Constantia Greenbelt,https://www.ingress.com/mission/7f517fd3831542938eec5ed09b6eeef8.1c,Solo,,,"{""result"":[""7f517fd3831542938eec5ed09b6eeef8.1c"",""Constantia Greenbelt"",""Walk the dogs, go for a run or drive this shady neck of the woods.\nLook out for the gymnogene's nest"",""ohduh"",""R"",857143,1757777,7,2,[[false,""140599ad084f4855a0a661077c4714c2.16"",""The Cellars-Hohenort"",1,1,[""p"",""N"",-34002547,18434356,1,0,0,""http://lh6.ggpht.com/BUkydYHtJp-QmYFmSuU6n_NPuBj7-UbFzxUc0umwt1gZDF4JtOrQgRnBTsZV6uJyoQ-DpEyHIT1-lfth-Op8"",""The Cellars-Hohenort"",[],true,true,null,1455802769646]],[false,""8266d2b03cd14778a9f1d47054edc346.16"",""Alphen Hiking Trail -  Hoenhort "",1,1,[""p"",""E"",-34004433,18437140,1,100.0,2,""http://lh4.ggpht.com/betoa87evr_R5Fv41KsJw-Zco4uKPX0NJ5im-xP7_vzoSJLrqPvmmPXx-9FLkytmzI-Hlddg-RW9jVp_xqW58A"",""Alphen Hiking Trail -  Hoenhort "",[],false,false,null,1455987779401]],[false,""6d2cf5be5200425f908579024ca6e84d.16"",""Diepriver Trail Marker"",1,1,[""p"",""E"",-34005842,18432664,1,100.0,2,""http://lh5.ggpht.com/DvCwtuHNrt584NeHs8BQ8W2n4cr71VL6t6PDHvUGnOx3H09zbu6Z8cFmZzXwCPLrHbSdain3yxlzW216gIS1LA"",""Diepriver Trail Marker"",[],false,false,null,1455987788177]],[false,""3cd4837a68d94dfc82392704aaa53af7.16"",""Alphen Trail - Brommervlei Rd"",1,1,[""p"",""E"",-34005934,18433059,1,100.0,2,""http://lh6.ggpht.com/oeyZjGJfaMVS05_xwUMd-xUczRfIr90lOuZBc6xz3cTVv8hXHXvzRo_jpC7xgHLoAQwJz0ZvFX7raZKBH9UA"",""Alphen Trail - Brommervlei Rd"",[],false,false,null,1455987796469]],[false,""4e1846a8e8c141fd814e6a7aaa9c19a0.11"",""Alphen Drinking Fountain"",1,1,[""p"",""E"",-34007851,18438929,1,100.0,2,""http://lh5.ggpht.com/wl9kmUsTs184QGN2FuZIxMn6QuUsYbJempOLrbDhcvok082RejFqo0MwzCCAgy-VZOH_BNrz0PfkMfpLydwC21vB6LHMvTmTzf78Wcbn1Z0lfpbflA"",""Alphen Drinking Fountain"",[],false,false,null,1455987807091]],[false,""79bfbc7011d849abaaabca9da167eb25.16"",""Brommersvlei Walk"",1,1,[""p"",""N"",-34012338,18440029,1,0,0,""http://lh4.ggpht.com/5306ocRVgkLSB4uW8gFNbhBkhqn_uwpRa3t-Hzdmwg5Q1GuUE2wgsIsYxw7-PM2aJJPv37eB6LMS7HSDZv64"",""Brommersvlei Walk"",[],false,false,null,1454755276172]],[false,""e7266096ddd542bcb84c9d9c7097d706.11"",""The Alphen Trail"",1,1,[""p"",""E"",-34013693,18451206,2,85.0,3,""http://lh5.ggpht.com/3xes6dcTsUPhEgK56HsmTV12gmRqTXkBdm2obohLqbLOqY3CGonAkiok-H0Dzqi8LDDpREnyGEkY6AwHu3fuBXms6FpCGv-UDlU1ZAujQFXjHIKNBg"",""The Alphen Trail"",[],false,false,null,1455948413933]],[false,""e9dd992086f94852a328f752204e1521.16"",""Wolwekloof"",1,1,[""p"",""N"",-34009743,18451963,1,0,0,""http://lh5.ggpht.com/8r8buVjFMmOEA84ey65bvstYMXoqIIZYKzjh7oy6cePtTOTj9GZg6bg6FMuB-o7NSbANoQHRvwym6AujyA8a"",""Wolwekloof"",[],false,false,null,1455976058880]]],""https://lh3.googleusercontent.com/pTu7ad03KoEUEwad2sSZvNzHlv-8pDqcGjJlJpD3tjr7vmOuhDgB02IH3K3jeSJCcyDGisPODzQFyPY8UBwv""]}"
Plumstead Adventure,https://www.ingress.com/mission/a9481e70a3b640028805c55fe7b2a5e2.1c,Solo,,,"{""result"":[""a9481e70a3b640028805c55fe7b2a5e2.1c"",""Plumstead Adventure"",""Have a good wander around Plumstead.\nThis one's great on a bicycle."",""TaterZalad"",""R"",615385,2287349,6,2,[[false,""f119f9e99ad943ccb95de7d5d648175e.11"",""Burnham Road Park Igloo"",1,1,[""p"",""R"",-34022289,18465175,5,67.0,8,""http://lh5.ggpht.com/pE-OoPrcBwGc9cfR-pA5D7x7M1Ns-N3k2ELIl6N8WG119lgs-RdUIKNsMY9QhVfjoRCZJ1FCWGbAO58_oqWo7jMtG_n8Q7uF0Xi49IyVE0isMKk"",""Burnham Road Park Igloo"",[],true,true,null,1455990726449]],[false,""2e3ec5f169d7431f835b890360bf5f73.16"",""Grace Family Church"",1,1,[""p"",""R"",-34021672,18465605,5,69.0,8,""http://lh6.ggpht.com/XLOxa33kxpjZPjV2cjg1JEUWNm7yCmCsR94JSi8v_vZPU1_gesjKeulx8DMHy8ds3ieN8rDKS_IVXiaggVzI"",""Grace Family Church"",[],false,false,null,1455992250838]],[false,""ddffdb5612f0433cbef2ae0081711a86.16"",""New Apostolic Church, Plumstead "",1,1,[""p"",""R"",-34021758,18466237,5,58.0,8,""http://lh5.ggpht.com/38kmwz77RD3FeEQB10DYKoA664O01BCXToA0OvJ654i3N2RLIYhtZ5SkFsxKGe4mDH7nnGBxSHMReW4k6DZ8"",""New Apostolic Church, Plumstead "",[],false,false,null,1455990725931]],[false,""b548532a50b5427bb12203d917d7e20b.16"",""Mambos"",1,2,[""p"",""R"",-34021984,18466441,5,66.0,8,""http://lh5.ggpht.com/IhamdoRW9XG21Tv2Vvv3OG-npPO1eesmk8dhYdRuafceHV_4Yj81uBgKYTfbd0ikbryGu-HbV-AkH8Kr-Ws"",""Mambos"",[],false,false,null,1455990726005]],[false,""5303588e32ef41a3a12fb8b8103e1e23.16"",""Pirates Pub "",1,2,[""p"",""N"",-34021199,18467250,1,0,0,""http://lh4.ggpht.com/LT9V9n7G3kEVPHbm00mUIgy-Z3C4RQdnBSBi8P30vX3qai2CTLcgZftyjDAkPqsOkv5slWO0xFMyCIloO6M"",""Pirates Pub "",[],false,false,null,1455990725170]],[false,""daebada29019487e8b0b70433aa4c4b5.16"",""Plumstead Methodist Church "",1,1,[""p"",""E"",-34020919,18467302,4,100.0,8,""http://lh3.ggpht.com/k06ofFRanvalFZ5ZYezKFWVhxZiVI3dDifk7-0d160iErBgpGPhtkvvgZleLlJwk7T85ojpMYf-6llVJgJY4Eg"",""Plumstead Methodist Church "",[],false,false,null,1455990752603]],[false,""36cf1cb520f2474fb71101839dcc2fbf.16"",""Plumstead Village Square "",1,1,[""p"",""R"",-34021118,18467911,2,15.0,3,""http://lh6.ggpht.com/j1Qu1I2MFyt8TIf7b8b5gShBlswnfg2smrcs50S8NIKbl7RqkVdFZ7K05HDQcZOZhgWSRc2rp16oVWkJVmW4"",""Plumstead Village Square "",[],false,false,null,1455992337424]],[false,""536fe5cd05c941c0ba757e8154f96081.16"",""Plumstead Public Library "",1,2,[""p"",""R"",-34020927,18467927,3,44.0,5,""http://lh5.ggpht.com/7WcT-pfXV-EIoQmSH4npUXOiTLlIxESEcF9gSfBXoYTSFy1v9srqZI6pYXlfnRo325O44v7tIOTbtWl2h-mAMA"",""Plumstead Public Library "",[],false,false,null,1455990725322]],[false,""b3b7ecd721304740b8f76fb2948b9f04.11"",""Abundant Life"",1,3,[""p"",""R"",-34021195,18469471,7,85.0,8,""http://lh3.ggpht.com/A9p7X3-RwWJ6_H_qlWPYu-kWAYPW22zfLBswt2HPCMeG183jdsz6LGeomIIFY-qNTY_N6pRAfV0fkBIAxb1fUfx_RfpMMTfZDJ4a-4uyi-XwZRY"",""Abundant Life"",[],true,true,null,1455990726236]],[false,""2069de3fb79348098824f30038807bef.11"",""Plumstead Station"",1,1,[""p"",""R"",-34021926,18469543,7,85.0,8,""http://lh6.ggpht.com/o5Ho77JustWKbCnr90xudb14jnUo9JX5w0gtcJlpYWVDgKoZbpzswPA9NpigL0rJ6cYzHBQ3fbcIeB04Q1mOexr6CpeS48ApSwLY0xVqG2TNeYs"",""Plumstead Station"",[],false,false,null,1455990726376]],[false,""417d5b367ffd4165af54df8d2f997a38.16"",""Plumstead Post Office"",1,2,[""p"",""R"",-34021979,18467043,4,71.0,8,""http://lh4.ggpht.com/Q10YE2i1KuAuLd6lPssEXpyq5mBD5VAhTusiIP54m0PiUrpmUR1YnUjbd-pwWQ9ktosAgu123UKQroxE6Thg"",""Plumstead Post Office"",[],false,false,null,1455990725735]],[false,""aa3c6e9990dd4c09a50e59e38722bb1b.11"",""Historic Milestone IX"",1,1,[""p"",""R"",-34022387,18467308,6,42.0,8,""http://lh4.ggpht.com/eIp9dNiXqdNFgh9bw3ABZ1tuDbJYCciA_WNDiOiuwoIg1TelFZBs093MSeq3--l1vic9iKerrbo4Zk3mgDjgcTnb4QjAyYVB7VYGEPoe6nc9o6w"",""Historic Milestone IX"",[],false,false,null,1455990726151]],[false,""4b656cf2ef934d7990a4be1212417249.11"",""Gabriel House"",1,2,[""p"",""R"",-34022713,18467249,6,40.0,8,""http://lh5.ggpht.com/nzOsuC-eB3Q7uxc2yUiLHiu-sP-uSgkRHXhIfWl4lfxM8wYJs1lrvKzNFqiqOF0nmEBxCT1B7TsOXLgKxYbKCahOG5cS7R6BqbusZMMW6LLndYs3"",""Gabriel House"",[],false,false,null,1455990726307]]],""https://lh3.ggpht.com/jy9uf80EBge7wz4JaKvD9S8qOLcguOlg54S6aZhTcBzj3YO47BE76rirbsOg-OzUeYeVlCGmzeRzAt4M9glM""]}"
Bergvliet Tour,https://www.ingress.com/mission/fab8e0402d3a427d8b6cc69e14040d17.1c,Solo,,,"{""result"":[""fab8e0402d3a427d8b6cc69e14040d17.1c"",""Bergvliet Tour"",""Get on a bicycle and dodge some rogue guinea fowl while hunting portals."",""TaterZalad"",""R"",636364,902316,7,2,[[false,""097462d3babe4765b2051b7b40c693bb.16"",""St Martins Anglican Church"",1,1,[""p"",""E"",-34050610,18458361,5,70.0,8,""http://lh4.ggpht.com/4zV2S28xu8fc9rlFoufcu6OjTec8EHQNLwqY0zAD6EnGuc0s2toVdqTlzdw5OmOKlXRpb9pC2UnlC_89v8lu"",""St Martins Anglican Church"",[],true,true,null,1455993612499]],[false,""5fcef33d387442cda05675b736856957.16"",""Moth Memorial"",1,2,[""p"",""E"",-34046453,18459126,4,40.0,8,""http://lh4.ggpht.com/uF1xvoTEzIjFOhJna2vsDBJPrpnAxSgPSTedhjxuZJt92gViKIkjT4ahThE0LwOgfozVGk9EWNI0Uq6qGoqGNQ"",""Moth Memorial"",[],false,false,null,1455988231120]],[false,""6fb651b50e6445438de4397fb3a36dd7.16"",""Hiddingh Road Park"",1,1,[""p"",""E"",-34044819,18459608,5,55.0,8,""http://lh5.ggpht.com/Ne8-CG-ToVlz34kl4cMMNV2oOKlmi6p5ldPjsl1jV2p0amzcc9KNg0oSXXGSherONRoRvCvTy4YiFy8tQ6hA"",""Hiddingh Road Park"",[],false,false,null,1455978708474]],[false,""b2e5eae4487e44edb34208b161a6de15.11"",""Bergvliet Congregational Church"",1,1,[""p"",""E"",-34044820,18460429,7,55.0,8,""http://lh3.ggpht.com/yRxdrpQg7bSd_Qi-q4lZlmbZ4NoD8LJsDSGbXkWeZ83qNdxq0ifhIMWQX8VrIeza23NsnYJ4yOfXwr0A77TnqUwBHUz5c_jVgrACvglyrPCBh6Lz"",""Bergvliet Congregational Church"",[],false,false,null,1455991591947]],[false,""e37460d42ebd44219b1a157fe4a8cfd9.16"",""Bergvliet Congregational Kerk"",1,2,[""p"",""E"",-34044464,18460611,7,41.0,8,""http://lh3.ggpht.com/4v2B-S-_Rk4LZxXGljD4FBIFrjmNPWKudwD2eA6h2OKs5-YRyUI71GR1goccrycHQ4-HAKwIZtQRFa-HIys"",""Bergvliet Congregational Kerk"",[],false,false,null,1455991549387]],[false,""798a2d4fdd9848acb82d3f8d67f34e31.16"",""Hiddingh Rd Park Swings"",1,5,[""p"",""E"",-34044585,18459515,5,70.0,8,""http://lh6.ggpht.com/Q87qP5RQ7SQLGpLzlrFryi_oBYNkblgSn8XxcTHS8-IB-P518ell3wGcrSAAjF7rjQ6VPh7zeukiRCT275RfiQ"",""Hiddingh Rd Park Swings"",[],false,false,null,1455978708259]],[false,""3d8a13294fcb4d6ebd78ad6e7d10a561.16"",""The Roundabout"",1,1,[""p"",""E"",-34044312,18458774,5,55.0,8,""http://lh5.ggpht.com/7CmuZQSW5eHP7xHg5Hf3LZUEDG-OvcQzi965jMgcAz6V7TT72QNCOyDbNWMdKeYW27d6XcUBUpmn-HzXMOrK"",""The Roundabout"",[],false,false,null,1455978708372]],[false,""62210f85931644658fe655fb1172acfa.16"",""Erica Place Community Garden"",1,1,[""p"",""E"",-34042823,18456572,5,70.0,8,""http://lh4.ggpht.com/KMPoSaJGxJR5RGsNefBUI5Qrmvg33uGfV794G2YkiAEeCQixfgWz1_Rf89AP2bbMiu1rm3q00IT-PqnMwt1I"",""Erica Place Community Garden"",[],false,false,null,1455943959209]],[false,""360865851de5481c8f805c67b347dc6b.16"",""Church Of Latter Day Saints"",1,2,[""p"",""E"",-34041354,18456575,6,70.0,8,""http://lh6.ggpht.com/P5K9eyavhScMoNgAi0pqGjFLaVqZZXJBGmhZWSFBha5QDPGg50Oibm2wSLnARwWeM_z6mTCs1vozFi3Ct3Q"",""Church Of Latter Day Saints"",[],false,false,null,1455980685243]],[false,""84f06add97d0450ca0f6b1155717cf3f.16"",""Holy Redeemer Catholic Church"",1,2,[""p"",""E"",-34042577,18460915,6,55.0,7,""http://lh4.ggpht.com/H8NZBhNUHKgpIlxss7qKcMiErHFwbhE81eNC9Xr5m2r8t-8xAbwsW9BIsZJ-MqC15iZq0XhcZ6sF9-XwQ5ykKfkc9J0V7GOIAiZksKNB9sJwddL3"",""Holy Redeemer Catholic Church"",[],false,false,null,1455985789153]]],""https://lh5.ggpht.com/YVex68SLnsuHgiJ50qwx6suxp7rRGrnY_tJD5GcHSypp9BXC9NDNz_s44NVQP432ArOCtupTMjfmKNrRCz8""]}"
The Grassy Park Church Trekker,https://www.ingress.com/mission/ddf03209ed81402b8b26d98b973b8d2d.1c,Solo,,,"{""result"":[""ddf03209ed81402b8b26d98b973b8d2d.1c"",""The Grassy Park Church Trekker"",""Trek through Grassy Park and visit a number of Historical Churches, some of them aging over 100 years namely the Good Shepherd Church/Museum and be sure to visit the Burning Bush Evangelical Church."",""ANtechnik"",""E"",500000,0,0,1,[[false,""c4fb813dba8d4cb3928fd0ee20039580.16"",""V.G.K. Die Slot"",1,1,[""p"",""N"",-34039454,18503035,1,0,0,""http://lh4.ggpht.com/8C1iORDWoP6MO3QLZMsKCLGuVkQKSEovmUohVDWiaNUdUzF9nXycs9InKFvMvNNEp4WQCFkPGMZaPppFHpjs"",""V.G.K. Die Slot"",[],true,false,null,1455109896149]],[false,""5a85f2a4643640a8bee60548ecb03f54.16"",""Grassy Park Baptist Church"",1,2,[""p"",""E"",-34041540,18499860,2,96.0,4,""http://lh4.ggpht.com/LPN3DX5ClhiwJ6nhReQRCbF13QT1SDkBsAKKgiwh-i1uPWczuEBNJ53rFA7BeGTFIuTSLIra_njKYa7t-sA"",""Grassy Park Baptist Church"",[],false,false,null,1455981123975]],[false,""16ae59adcf3942468d280f8f37542e08.16"",""Harmony Hall"",1,3,[""p"",""N"",-34041481,18502395,1,0,0,""http://lh3.ggpht.com/YsE7TqvE6BBugUddfmRPBY5lLTTe2OfkHAKECRjiM00GumaLizF2hWoBJIvJUozouIfqbO0r6maj_9W25Uxw"",""Harmony Hall"",[],false,false,null,1454768280745]],[false,""3625dd8c13b44091bcaed7a343b49a0c.16"",""Methodist Church Grassy Park Society"",1,1,[""p"",""R"",-34043641,18496185,5,25.0,8,""http://lh3.ggpht.com/S4v_KKFyN3P53gWjhWYXrGJtiMywfihLffF8Vl5DiW0W0H6POAYkWMHliWZV73X9vEQfMZnSwsDu5tkF7SBK2g"",""Methodist Church Grassy Park Society"",[],false,false,null,1455919894398]],[false,""3b8e5b4de28d4cedb0b4e282f3657574.16"",""Our Lady Queen of Peace Catholic Church"",1,2,[""p"",""N"",-34044710,18500885,1,0,0,""http://lh4.ggpht.com/Qyci0sf-Ye3155WJRErNw1oMTSqKes_LxLUZ_At-q6vCe_o8TXI_vlwjObeWEm0CAO5CpMKRmP44ZzF3ANjlmg"",""Our Lady Queen of Peace Catholic Church"",[],false,false,null,1455015436546]],[false,""2cba94fbfad34da0a058ac9f89c7cf10.16"",""Nativity Mural"",1,2,[""p"",""N"",-34044435,18500941,1,0,0,""http://lh6.ggpht.com/f6XQG05VQmfAXMFOszbb-Kcx3ceX8mgL_dA9h9XE90vJutvJMtgzEip8YPQOSHV5FICJhocgPTlAr_tYx9KL"",""Nativity Mural"",[],false,false,null,1455004823993]],[false,""5ff53fc1b70047e0b611e3bae58eed99.16"",""Assembly Hall "",1,4,[""p"",""N"",-34047263,18499038,1,0,0,""http://lh6.ggpht.com/D3JoRXjwpsXHiLKKTt25Fm4sw2pETXGI5r2p_Wkx2866RRxS1gqpZi3sPTyuA22brmgCtOiwg3y3stF1rOI"",""Assembly Hall "",[],false,false,null,1455878071417]],[false,""abfa0ded860345ae93f5b7916c2a9d36.16"",""New Apostolic Church Grassy Park"",1,1,[""p"",""N"",-34055104,18495053,1,0,0,""http://lh5.ggpht.com/s53HmVbf2-ME3T-a7n74mMe5ZWOR2MRzwymOtIkfUj16RJnXG8jYL2x4RbwDWKPs0PsKqvsMFLdTlVuBtaSi"",""New Apostolic Church Grassy Park"",[],false,false,null,1455100564192]],[false,""039d1d1a58a847ecb9dbc083faad7145.16"",""Grassy Park Jehovah's Witness Kingdom Hall"",1,1,[""p"",""N"",-34056041,18492458,1,0,0,""http://lh3.ggpht.com/T_MBULYwzBSeyfEaUbGQxuyXucr2xmofe3GSPDSARD6yeD4guhVRQnG8VkXnhYbQqInWCAKcEUVaWRVMYOLo"",""Grassy Park Jehovah's Witness Kingdom Hall"",[],true,true,null,1455105599276]],[false,""1dc1120fc4c84350a07a223005320898.16"",""Good Shepherd Church Museum"",1,1,[""p"",""E"",-34045648,18493951,5,100.0,8,""http://lh5.ggpht.com/B7yq6IeqtMTx1Qe4mUJh-IMgGf8uzRsuLLFwaNHaPrqbIcWeFscPEX_T9ZoeTYAzHsrPpb8bMGYDHMj5V5kM"",""Good Shepherd Church Museum"",[],false,false,null,1455955651892]],[false,""268c0d272e774ebca15d3dacc64c3b12.16"",""Good Shepherd Anglican Church Grassy Park"",1,1,[""p"",""E"",-34045782,18493675,5,100.0,8,""http://lh5.ggpht.com/JS4boRmR0yP2sq2SEAtWElqsVouzdXvh56tgmLfTRyPr1T6FqnFAaNCpJJCqfps1vjTSAjkfoDBcsdDrBGk"",""Good Shepherd Anglican Church Grassy Park"",[],false,false,null,1455955643315]],[false,""369b1d8e8479408785d1d54d67ba5be1.16"",""Burning Bush Church Hall"",1,2,[""p"",""R"",-34046587,18493470,6,100.0,8,""http://lh4.ggpht.com/qWKFo4-rFqT44SVKuuVMtipU6uGXHbNwTjf64wUF42wq4Gk8Tg9LuEEuSj2RvxOcrJVbQdIX7QHVt88Yptqp"",""Burning Bush Church Hall"",[],true,true,null,1455950366522]],[false,""8bbec80869e04a3ba62a7785a79dd6e8.16"",""Burning Bush Evangelical Church"",1,1,[""p"",""R"",-34047115,18493778,6,100.0,8,""http://lh5.ggpht.com/923TyGh6wd4zxg82xiHrXFaC045cS1eGiOutvWpFnEC5_khaNUdvcVp5zGrVo1-a4qIm7VZw_PBoe9N_9H_I"",""Burning Bush Evangelical Church"",[],false,false,null,1455950417876]]],""https://lh3.ggpht.com/2kZUOPavYIsnMV1V_FvSRIwKa3e_n1b2lIGtaFF9-fABqfjdVMUO3Fx3mzXKJH8_5olfWuZqmP3UgmFMu5k""]}"
Zeekoevlei Zoom,https://www.ingress.com/mission/74acb8166635465e9c1899b6e5071d4c.1c,Solo,,,"{""result"":[""74acb8166635465e9c1899b6e5071d4c.1c"",""Zeekoevlei Zoom"",""Zoom around Zeekoevlei"",""ZeroFriction"",""E"",750000,570655,4,2,[[false,""3a2fa6aa89cb485b9f9e15140a1e047c.16"",""Boat Garden"",1,1,[""p"",""E"",-34055592,18503132,4,85.0,7,""http://lh6.ggpht.com/iOGrTtvfmyp_tIuB4vOxSo7kI-1CiwLsZDSmL0tk3q5nl1KKJkRQ9tvezh0XSsCMdglGvyeRnfn9644561i3"",""Boat Garden"",[],true,true,null,1455971973710]],[false,""db41ad8d6bc54ef29806572d6fe8e66d.16"",""Fisherman's Walk Steel Slide Of Fear"",1,1,[""p"",""N"",-34052231,18508595,1,0,0,""http://lh3.ggpht.com/LyL9UM_Xoyvsw_vxZTqebxMNHj3VFMKhQch-kAEkOnsNmF2jwZjv-pVG0MhZnkrsc4bJoGe56PCXnhAqnczJGw"",""Fisherman's Walk Steel Slide Of Fear"",[],false,false,null,1455134938550]],[false,""5dc2dda543c345d3941d98cfb0489e49.16"",""Fisherman's Walk Wheel of Steel"",1,1,[""p"",""N"",-34052348,18508377,1,0,0,""http://lh5.ggpht.com/Rf-K7uF_-u3mvsjTUCkL_RoYH_MIxvhPFNGvRIi-3sbTzkmdXGb8Rhi7N8sdqz9NnvOKWcPT0IcFuA7nUBR5pQ"",""Fisherman's Walk Wheel of Steel"",[],false,false,null,1455187719605]],[false,""f6bdaf596fc34f76a6e212645073e395.11"",""Rondevlei Nature Reserve Entrance"",1,1,[""p"",""N"",-34058289,18499012,1,0,0,""http://lh3.ggpht.com/ZAbWu093zoACs-pA2VfUzhXKorunghgddI5XkhYosNXcxL08dz06iRMRkfxzAOzWhIntIS6IYF7O-kr6c391LqhbaJhEP0NqHqt_9yY3sEUC0yBYfg"",""Rondevlei Nature Reserve Entrance"",[],false,false,null,1455100936290]],[false,""70628e32a165403282ee114a96ceaa52.16"",""Endangered Leopard Toad Information Board"",1,1,[""p"",""E"",-34058446,18504168,5,85.0,8,""http://lh3.ggpht.com/fUu2lFfIZUChati683SlYBn5PlqncPPmHjHHdu-ELHI7klFNPQaC7EwV7kePmh6MJSKdUxJnvyTOi8xqGv1iaQ"",""Endangered Leopard Toad Information Board"",[],false,false,null,1455981022880]],[false,""734e8fd622e84d988c212779e4659d78.16"",""Zeekoevlei Yacht Club Yellow Submarine"",1,1,[""p"",""E"",-34065642,18506661,5,85.0,8,""http://lh5.ggpht.com/lbKuKcG09FTlFWOB4jmVMFoF5FPIEIVwunpqzhygh46mcUUI2Q235HpNVjJ-1DK9esNX7Iv5ObJlsaspsUCT8WZydtAOnn0Z32BPR3fuhxxzK3JWbg"",""Zeekoevlei Yacht Club Yellow Submarine"",[],false,false,null,1455972174483]]],""https://lh3.googleusercontent.com/gpguw7q9ESzplDVlbpMUBkYqEECWQQwdfaXX2JZa2QI8UYUSMGFBe53Oz7H2bfUsxbmf_FI7n0372ea1fHs""]}"
Grassy Park Square Tour,https://www.ingress.com/mission/a31b60d954274d4dabde7f734c28d61c.1c,Solo,,,"{""result"":[""a31b60d954274d4dabde7f734c28d61c.1c"",""Grassy Park Square Tour"",""Starting on the entrance  of Grassy Park, this will take you around the main roads of grassy park"",""Toppdogg86"",""E"",0,0,0,1,[[false,""72c2c7817a2f4997b4d07d914c6ae57b.16"",""Aids Awareness Rock"",1,2,[""p"",""R"",-34040421,18490379,7,85.0,8,""http://lh5.ggpht.com/Z6M0uKsgDqfwdk5DfF2SkEFKGzljAAEqDNd4z5Qby3vvLvvMFnBwRyhpa9ycXwhm4yTbx-eyys6-txbPFx6u"",""Aids Awareness Rock"",[],true,true,null,1455975351062]],[false,""26cd81e913c84d0f9ab4be72854bde81.16"",""Klip Road Cemetery"",1,2,[""p"",""E"",-34040616,18494804,2,55.0,3,""http://lh6.ggpht.com/FfV4FBNbDg5fdK9SLPamfL3y_7q1s43ZKxGEaArlwckPmA-2cPyEQiG1C3fOYN2EqGqKdh8Y0C4V8FRro10ivWDb5QlZZNBNWbJ8LbOj4sUZXhc"",""Klip Road Cemetery"",[],false,false,null,1455914299911]],[false,""00c0bff9b8b14e7ba82acc7c11c639aa.11"",""World War 2 Klip Monument"",1,1,[""p"",""R"",-34035803,18502678,3,30.0,7,""http://lh6.ggpht.com/bxJRmYBq44uGLXy5pvYsAnV9T2eC3iKK6s3QS0d10MKzuUMpSbCAPOOc0r2Qp8sziAwS8yCwn_pP0NKbTkIIwanOIZYhUdx7FLOKIsbHrwJnzE4C3Q"",""World War 2 Klip Monument"",[],false,false,null,1455977418122]],[false,""cad98c5fe5454e7aa2430a12b31f9e20.16"",""Buck Rd Mosque"",1,1,[""p"",""N"",-34033501,18519212,1,0,0,""http://lh6.ggpht.com/3mkBx4VjfgLIgZlb-uc-V_cPlOsvzmMiEx1YfZDX71mQRXh6-v-_nVIVilz6NekXC6zS2VEgEqYnS4FlZ6C0"",""Buck Rd Mosque"",[],false,false,null,1455006586220]],[false,""3c57cab8a0fd4119b7fd9c21f9d57129.16"",""Lotus River New Apostolic Church"",1,1,[""p"",""N"",-34042439,18520429,1,0,0,""http://lh3.ggpht.com/F92g0P3QzDtkv8nFACOaY4f64WEOQYh5JDIilCFRJnNiz9aWsCotZ-Of1d4EAdw9DMcfXbiDl6W5dFDwhAMPGw"",""Lotus River New Apostolic Church"",[],false,false,null,1455877730596]],[false,""db41ad8d6bc54ef29806572d6fe8e66d.16"",""Fisherman's Walk Steel Slide Of Fear"",1,2,[""p"",""N"",-34052231,18508595,1,0,0,""http://lh3.ggpht.com/LyL9UM_Xoyvsw_vxZTqebxMNHj3VFMKhQch-kAEkOnsNmF2jwZjv-pVG0MhZnkrsc4bJoGe56PCXnhAqnczJGw"",""Fisherman's Walk Steel Slide Of Fear"",[],false,false,null,1455134938550]],[false,""5dc2dda543c345d3941d98cfb0489e49.16"",""Fisherman's Walk Wheel of Steel"",1,2,[""p"",""N"",-34052348,18508377,1,0,0,""http://lh5.ggpht.com/Rf-K7uF_-u3mvsjTUCkL_RoYH_MIxvhPFNGvRIi-3sbTzkmdXGb8Rhi7N8sdqz9NnvOKWcPT0IcFuA7nUBR5pQ"",""Fisherman's Walk Wheel of Steel"",[],false,false,null,1455187719605]],[false,""3a2fa6aa89cb485b9f9e15140a1e047c.16"",""Boat Garden"",1,2,[""p"",""E"",-34055592,18503132,4,85.0,7,""http://lh6.ggpht.com/iOGrTtvfmyp_tIuB4vOxSo7kI-1CiwLsZDSmL0tk3q5nl1KKJkRQ9tvezh0XSsCMdglGvyeRnfn9644561i3"",""Boat Garden"",[],true,true,null,1455971973710]],[false,""f91131fb9c6a4e85a06153e3802d016c.16"",""Grassy Park Interchange"",1,1,[""p"",""R"",-34049302,18497034,6,54.0,8,""http://lh4.ggpht.com/7B0oy1pYhaEQdwmfZZkWPrX7SjPxurHLUssmC6utnnQkPqxWqOmBV1IKesmmmGUAcGBR4YKmZTh08A_wMs4"",""Grassy Park Interchange"",[],false,false,null,1455919350444]],[false,""268c0d272e774ebca15d3dacc64c3b12.16"",""Good Shepherd Anglican Church Grassy Park"",1,1,[""p"",""E"",-34045782,18493675,5,100.0,8,""http://lh5.ggpht.com/JS4boRmR0yP2sq2SEAtWElqsVouzdXvh56tgmLfTRyPr1T6FqnFAaNCpJJCqfps1vjTSAjkfoDBcsdDrBGk"",""Good Shepherd Anglican Church Grassy Park"",[],false,false,null,1455955643315]],[false,""62a36b3a236d436389ad6f2d4862ed4d.16"",""Ahmedi Mosque"",1,1,[""p"",""R"",-34043337,18491647,6,65.0,8,""http://lh4.ggpht.com/EXMZxOvq8l5E1SvoW5zY8ntKBcxZmGtcGk8Ix26dLOiUVw0sMfjrD3m0flaXFpk4cDZC61jezStZuT6fAyjm"",""Ahmedi Mosque"",[],false,false,null,1455912030411]]],""https://lh3.googleusercontent.com/Mk3eMzHPEsVimUtY_cQXy_GRafLLy5tBU2yTEewGJ6ws8E2lko5fou175I5QI2fD3BnI82AD7aBXoVMfND7u""]}"